INSERT INTO users (age, created_at, display_name, email, is_not_banned, password, role, username)
VALUES
    (18, '2024-03-01 12:00:00.000000', 'John Doe', 'johndoe@example.com', 1, '$2a$10$abcdefghijklmnopqrstuv', 'USER', 'johndoe'),
    (21, '2024-03-02 14:30:00.000000', 'Jane Smith', 'janesmith@example.com', 1, '$2a$10$abcdefghijklmnopqrstuv', 'USER', 'janesmith'),
    (25, '2024-03-03 09:15:00.000000', 'Alice Johnson', 'alicej@example.com', 1, '$2a$10$abcdefghijklmnopqrstuv', 'USER', 'alicej'),
    (30, '2024-03-04 18:45:00.000000', 'Bob Brown', 'bobbrown@example.com', 1, '$2a$10$abcdefghijklmnopqrstuv', 'USER', 'bobbrown'),
    (19, '2024-03-05 22:10:00.000000', 'Charlie White', 'charliew@example.com', 1, '$2a$10$abcdefghijklmnopqrstuv', 'USER', 'charliew'),
    (22, '2024-03-06 07:25:00.000000', 'David Black', 'davidb@example.com', 1, '$2a$10$abcdefghijklmnopqrstuv', 'USER', 'davidb'),
    (29, '2024-03-07 13:55:00.000000', 'Emily Green', 'emilyg@example.com', 1, '$2a$10$abcdefghijklmnopqrstuv', 'USER', 'emilyg'),
    (24, '2024-03-08 16:40:00.000000', 'Frank Harris', 'frankh@example.com', 1, '$2a$10$abcdefghijklmnopqrstuv', 'USER', 'frankh'),
    (28, '2024-03-09 11:05:00.000000', 'Grace Lewis', 'gracel@example.com', 1, '$2a$10$abcdefghijklmnopqrstuv', 'USER', 'gracel'),
    (26, '2024-03-10 20:20:00.000000', 'Henry Walker', 'henryw@example.com', 1, '$2a$10$abcdefghijklmnopqrstuv', 'USER', 'henryw'),
    (20, '2024-03-11 08:30:00.000000', 'Isabella King', 'isabellak@example.com', 1, '$2a$10$abcdefghijklmnopqrstuv', 'USER', 'isabellak'),
    (31, '2024-03-12 15:15:00.000000', 'Jack Adams', 'jacka@example.com', 1, '$2a$10$abcdefghijklmnopqrstuv', 'USER', 'jacka'),
    (23, '2024-03-13 17:50:00.000000', 'Katie Miller', 'katiem@example.com', 1, '$2a$10$abcdefghijklmnopqrstuv', 'USER', 'katiem'),
    (27, '2024-03-14 10:05:00.000000', 'Liam Wilson', 'liamw@example.com', 1, '$2a$10$abcdefghijklmnopqrstuv', 'USER', 'liamw'),
    (18, '2024-03-15 21:25:00.000000', 'Mia Scott', 'mias@example.com', 1, '$2a$10$abcdefghijklmnopqrstuv', 'USER', 'mias'),
    (32, '2024-03-16 07:45:00.000000', 'Noah Carter', 'noahc@example.com', 1, '$2a$10$abcdefghijklmnopqrstuv', 'USER', 'noahc'),
    (22, '2024-03-17 14:10:00.000000', 'Olivia Martin', 'oliviam@example.com', 1, '$2a$10$abcdefghijklmnopqrstuv', 'USER', 'oliviam'),
    (19, '2024-03-18 16:30:00.000000', 'Peter Thompson', 'petert@example.com', 1, '$2a$10$abcdefghijklmnopqrstuv', 'USER', 'petert'),
    (26, '2024-03-19 09:20:00.000000', 'Quinn Evans', 'quinne@example.com', 1, '$2a$10$abcdefghijklmnopqrstuv', 'USER', 'quinne'),
    (29, '2024-03-20 19:35:00.000000', 'Rachel Hall', 'rachelh@example.com', 1, '$2a$10$abcdefghijklmnopqrstuv', 'USER', 'rachelh'),
    (30, '2024-03-21 08:55:00.000000', 'Samuel Young', 'samuely@example.com', 1, '$2a$10$abcdefghijklmnopqrstuv', 'USER', 'samuely'),
    (21, '2024-03-22 13:40:00.000000', 'Tina Harris', 'tinah@example.com', 1, '$2a$10$abcdefghijklmnopqrstuv', 'USER', 'tinah'),
    (28, '2024-03-23 18:10:00.000000', 'Umar Patel', 'umarp@example.com', 1, '$2a$10$abcdefghijklmnopqrstuv', 'USER', 'umarp'),
    (24, '2024-03-24 09:50:00.000000', 'Victoria Reed', 'victoriar@example.com', 1, '$2a$10$abcdefghijklmnopqrstuv', 'USER', 'victoriar'),
    (27, '2024-03-25 20:15:00.000000', 'William Price', 'williamp@example.com', 1, '$2a$10$abcdefghijklmnopqrstuv', 'USER', 'williamp'),
    (23, '2024-03-26 07:20:00.000000', 'Xander Fox', 'xanderf@example.com', 1, '$2a$10$abcdefghijklmnopqrstuv', 'USER', 'xanderf'),
    (31, '2024-03-27 12:45:00.000000', 'Yasmine Bennett', 'yasmineb@example.com', 1, '$2a$10$abcdefghijklmnopqrstuv', 'USER', 'yasmineb'),
    (22, '2024-03-28 16:55:00.000000', 'Zachary Collins', 'zacharyc@example.com', 1, '$2a$10$abcdefghijklmnopqrstuv', 'USER', 'zacharyc'),
    (19, '2024-03-29 09:30:00.000000', 'Eva Gomez', 'evag@example.com', 1, '$2a$10$abcdefghijklmnopqrstuv', 'USER', 'evag'),
    (25, '2024-03-30 14:20:00.000000', 'Felix Howard', 'felixh@example.com', 1, '$2a$10$abcdefghijklmnopqrstuv', 'USER', 'felixh');

INSERT INTO posts (content, created_at, repost_source_id, user_id)
VALUES
    (N'Just had the best coffee ever! ☕', '2024-03-01 08:30:00.000000', NULL, 1),
    (N'Loving the new tech trends this year! 🚀', '2024-03-01 09:15:00.000000', NULL, 2),
    (N'Reading a great book on Java development. 📚', '2024-03-01 10:45:00.000000', NULL, 3),
    (N'Exercise is the best way to start the day! 💪', '2024-03-02 07:20:00.000000', NULL, 4),
    (N'Happy Friday everyone! 🎉', '2024-03-02 17:30:00.000000', NULL, 5),
    (N'This is a repost from an interesting discussion.', '2024-03-03 12:45:00.000000', 2, 6),
    (N'Weekend vibes! 🌞', '2024-03-03 14:20:00.000000', NULL, 7),
    (N'Exploring new coding patterns today! 🖥️', '2024-03-04 11:00:00.000000', NULL, 8),
    (N'Beautiful sunset this evening. 🌅', '2024-03-04 19:15:00.000000', NULL, 9),
    (N'Can’t wait for the next gaming event! 🎮', '2024-03-05 13:45:00.000000', NULL, 10),
    (N'Trying a new recipe today. 🍽️', '2024-03-05 18:20:00.000000', NULL, 11),
    (N'Reposting a great motivational quote!', '2024-03-06 08:00:00.000000', 4, 12),
    (N'Learning new frameworks today. 🖥️', '2024-03-06 10:30:00.000000', NULL, 13),
    (N'Nature is so refreshing! 🍃', '2024-03-07 15:50:00.000000', NULL, 14),
    (N'Work from home setup is improving. 🏠', '2024-03-07 16:10:00.000000', NULL, 15),
    (N'Resharing a cool article about AI!', '2024-03-08 09:00:00.000000', 8, 16),
    (N'Big day tomorrow! Excited! 😃', '2024-03-08 21:40:00.000000', NULL, 17),
    (N'Anyone watching the latest sports event? 🏀', '2024-03-09 12:00:00.000000', NULL, 18),
    (N'Reposting this because it’s too good! 🚀', '2024-03-09 15:15:00.000000', 10, 19),
    (N'Found a cool new coding trick today. 💻', '2024-03-10 11:30:00.000000', NULL, 20),
    (N'Long week ahead! Need some motivation. 💪', '2024-03-10 18:50:00.000000', NULL, 21),
    (N'This is just amazing content! 🔥', '2024-03-11 07:20:00.000000', NULL, 22),
    (N'Watching a new TV series. 📺', '2024-03-11 19:30:00.000000', NULL, 23),
    (N'Reposting an interesting research article.', '2024-03-12 10:25:00.000000', 14, 24),
    (N'Coding all night! 🌙', '2024-03-12 23:00:00.000000', NULL, 25),
    (N'Productivity is at an all-time high today! 📈', '2024-03-13 14:05:00.000000', NULL, 26),
    (N'New blog post coming soon! ✍️', '2024-03-13 16:40:00.000000', NULL, 27),
    (N'This repost is worth sharing! 🌟', '2024-03-14 08:15:00.000000', 17, 28),
    (N'Enjoying a peaceful walk in the park. 🌳', '2024-03-14 18:10:00.000000', NULL, 29),
    (N'Anyone else into cryptocurrency? 💰', '2024-03-15 20:30:00.000000', NULL, 30),
    (N'Back to basics with some classic programming! 👨‍💻', '2024-03-16 11:20:00.000000', NULL, 1),
    (N'This discussion thread is worth revisiting. 🔁', '2024-03-16 15:30:00.000000', 5, 2),
    (N'Weekend coding session! 💻', '2024-03-17 08:00:00.000000', NULL, 3),
    (N'Trying out a new fitness routine. 🏋️‍♂️', '2024-03-17 10:45:00.000000', NULL, 4),
    (N'Reposting an insightful comment. 📖', '2024-03-18 12:30:00.000000', 9, 5),
    (N'Gaming night with friends! 🎮', '2024-03-18 19:15:00.000000', NULL, 6),
    (N'Coffee and coding go together! ☕', '2024-03-19 07:50:00.000000', NULL, 7),
    (N'This thread deserves another look! 🔁', '2024-03-19 14:20:00.000000', 16, 8),
    (N'Just finished an amazing book! 📖', '2024-03-20 10:00:00.000000', NULL, 9),
    (N'Sharing some thoughts on tech trends. 🤖', '2024-03-20 13:30:00.000000', NULL, 10),
    (N'Reposting for visibility! 📢', '2024-03-21 09:45:00.000000', 20, 11),
    (N'Great discussion happening here! 🗣️', '2024-03-21 17:10:00.000000', NULL, 12),
    (N'Music is life! 🎶', '2024-03-22 11:25:00.000000', NULL, 13),
    (N'This is worth sharing again! 🔄', '2024-03-22 22:05:00.000000', 25, 14),
    (N'Looking forward to the weekend! 🎉', '2024-03-23 12:55:00.000000', NULL, 15),
    (N'Reposting a great tech debate!', '2024-03-23 16:40:00.000000', 30, 16);

INSERT INTO profiles (user_id, avatar, banner, bio)
VALUES
    (1, NULL, NULL, N'Coffee enthusiast. ☕'),
    (2, NULL, NULL, N'Tech geek & aspiring developer. 💻'),
    (3, NULL, NULL, N'Bookworm & coding addict. 📚'),
    (4, NULL, NULL, N'Fitness junkie. Stay strong! 💪'),
    (5, NULL, NULL, N'Living for the weekends! 🎉'),
    (6, NULL, NULL, N'Lover of all things science & space. 🚀'),
    (7, NULL, NULL, N'Just here for the memes. 😂'),
    (8, NULL, NULL, N'Web developer & open-source contributor. 🌍'),
    (9, NULL, NULL, N'Nature is my escape. 🍃'),
    (10, NULL, NULL, N'Gamer & anime fan. 🎮'),
    (11, NULL, NULL, N'Food lover. Trying new recipes every day! 🍽️'),
    (12, NULL, NULL, N'Music is life. 🎶'),
    (13, NULL, NULL, N'Aspiring AI researcher. 🤖'),
    (14, NULL, NULL, N'Globe-trotter & travel addict. ✈️'),
    (15, NULL, NULL, N'Entrepreneur & startup enthusiast. 📈'),
    (16, NULL, NULL, N'Lifelong learner. Every day is a lesson. 📖'),
    (17, NULL, NULL, N'Cycling across the world. 🚴‍♂️'),
    (18, NULL, NULL, N'Avid movie buff. 🍿'),
    (19, NULL, NULL, N'DIY & home improvement fan. 🔨'),
    (20, NULL, NULL, N'Advocate for mental health awareness. 💙'),
    (21, NULL, NULL, N'Trying to make the world a better place. 🌎'),
    (22, NULL, NULL, N'Photographer capturing life’s moments. 📷'),
    (23, NULL, NULL, N'Football fanatic. ⚽'),
    (24, NULL, NULL, N'History nerd & museum explorer. 🏛️'),
    (25, NULL, NULL, N'Cats > everything. 🐱'),
    (26, NULL, NULL, N'Night owl. The best ideas come at 2 AM. 🌙'),
    (27, NULL, NULL, N'Lover of puzzles & brain teasers. 🧩'),
    (28, NULL, NULL, N'Fighting game champion in the making. 🕹️'),
    (29, NULL, NULL, N'Coding is my therapy. 👨‍💻'),
    (30, NULL, NULL, N'Tea over coffee any day. 🍵');

INSERT INTO follows (created_at, followed_id, follower_id)
VALUES
    ('2024-01-05 12:30:00', 2, 1),
    ('2024-01-06 14:15:00', 3, 1),
    ('2024-01-07 09:45:00', 4, 1),
    ('2024-01-08 16:20:00', 5, 2),
    ('2024-01-09 18:10:00', 6, 2),
    ('2024-01-10 21:35:00', 7, 3),
    ('2024-01-11 07:50:00', 8, 3),
    ('2024-01-12 13:00:00', 9, 4),
    ('2024-01-13 10:25:00', 10, 4),
    ('2024-01-14 15:40:00', 11, 5),
    ('2024-01-15 19:55:00', 12, 5),
    ('2024-01-16 08:30:00', 13, 6),
    ('2024-01-17 14:45:00', 14, 6),
    ('2024-01-18 11:20:00', 15, 7),
    ('2024-01-19 17:05:00', 16, 7),
    ('2024-01-20 22:10:00', 17, 8),
    ('2024-01-21 09:15:00', 18, 8),
    ('2024-01-22 13:50:00', 19, 9),
    ('2024-01-23 18:20:00', 20, 9),
    ('2024-01-24 07:35:00', 21, 10),
    ('2024-01-25 12:55:00', 22, 10),
    ('2024-01-26 15:40:00', 23, 11),
    ('2024-01-27 18:30:00', 24, 11),
    ('2024-01-28 08:15:00', 25, 12),
    ('2024-01-29 20:05:00', 26, 12),
    ('2024-01-30 10:45:00', 27, 13),
    ('2024-01-31 14:30:00', 28, 13),
    ('2024-02-01 16:55:00', 29, 14),
    ('2024-02-02 19:40:00', 30, 14),
    ('2024-02-03 11:25:00', 1, 15),
    ('2024-02-04 08:10:00', 2, 16),
    ('2024-02-05 12:45:00', 3, 17),
    ('2024-02-06 18:20:00', 4, 18),
    ('2024-02-07 20:05:00', 5, 19),
    ('2024-02-08 21:35:00', 6, 20),
    ('2024-02-09 14:50:00', 7, 21),
    ('2024-02-10 09:25:00', 8, 22),
    ('2024-02-11 15:15:00', 9, 23),
    ('2024-02-12 10:55:00', 10, 24),
    ('2024-02-13 17:40:00', 11, 25),
    ('2024-02-14 08:25:00', 12, 26),
    ('2024-02-15 14:10:00', 13, 27),
    ('2024-02-16 19:35:00', 14, 28),
    ('2024-02-17 09:45:00', 15, 29),
    ('2024-02-18 11:50:00', 16, 30);

INSERT INTO comments (content, created_at, updated_at, post_id, reply_to_id, user_id)
VALUES
    ('Great post! Really insightful.', '2024-02-01 12:15:00', '2024-02-01 12:15:00', 1, NULL, 5),
    ('I totally agree with you.', '2024-02-01 13:45:00', '2024-02-01 13:45:00', 1, 1, 8),
    ('Could you clarify this point?', '2024-02-02 08:30:00', '2024-02-02 08:30:00', 2, NULL, 12),
    ('This is really helpful, thanks!', '2024-02-02 10:10:00', '2024-02-02 10:10:00', 3, NULL, 20),
    ('I have a different perspective on this.', '2024-02-02 15:25:00', '2024-02-02 15:25:00', 4, NULL, 9),
    ('Interesting take! What sources did you use?', '2024-02-03 14:40:00', '2024-02-03 14:40:00', 5, NULL, 17),
    ('I disagree, but respect your opinion.', '2024-02-03 16:20:00', '2024-02-03 16:20:00', 5, 6, 23),
    ('Loved this post! Keep it up.', '2024-02-04 09:50:00', '2024-02-04 09:50:00', 6, NULL, 4),
    ('Check out this link for more info.', '2024-02-04 11:30:00', '2024-02-04 11:30:00', 7, NULL, 14),
    ('You made a really good point.', '2024-02-05 13:10:00', '2024-02-05 13:10:00', 8, NULL, 26),
    ('This post changed my perspective!', '2024-02-06 18:45:00', '2024-02-06 18:45:00', 9, NULL, 2),
    ('Could you explain in simpler terms?', '2024-02-07 10:20:00', '2024-02-07 10:20:00', 10, NULL, 19),
    ('Nice breakdown of the topic!', '2024-02-08 15:30:00', '2024-02-08 15:30:00', 11, NULL, 7),
    ('This reminds me of another post I saw.', '2024-02-09 20:05:00', '2024-02-09 20:05:00', 12, NULL, 27),
    ('Well said! I completely agree.', '2024-02-10 12:15:00', '2024-02-10 12:15:00', 13, NULL, 1),
    ('This needs more supporting evidence.', '2024-02-11 17:40:00', '2024-02-11 17:40:00', 14, NULL, 30),
    ('Great discussion in the comments!', '2024-02-12 09:55:00', '2024-02-12 09:55:00', 15, NULL, 6),
    ('Replying to your comment above!', '2024-02-12 10:15:00', '2024-02-12 10:15:00', 15, 17, 11),
    ('I would love to see more posts like this.', '2024-02-13 14:10:00', '2024-02-13 14:10:00', 16, NULL, 22),
    ('Your insights are always valuable.', '2024-02-14 16:25:00', '2024-02-14 16:25:00', 17, NULL, 25),
    ('This deserves more attention.', '2024-02-15 18:40:00', '2024-02-15 18:40:00', 18, NULL, 29),
    (N'Didn’t quite understand this part.', '2024-02-16 08:50:00', '2024-02-16 08:50:00', 19, NULL, 10),
    ('I appreciate your perspective.', '2024-02-17 13:30:00', '2024-02-17 13:30:00', 20, NULL, 16),
    ('Replying to an earlier comment!', '2024-02-17 14:15:00', '2024-02-17 14:15:00', 20, 23, 3);

INSERT INTO notifications (content, created_at, is_read, type, from_user_id, referenced_post_id, to_user_id)
VALUES
-- COMMENT Notifications (Matching posts with authors)
(NULL, '2024-02-01 12:16:00', 0, 'comment', 5, 1, (SELECT user_id FROM posts WHERE id = 1)),
(NULL, '2024-02-01 13:46:00', 0, 'comment', 8, 2, (SELECT user_id FROM posts WHERE id = 2)),
(NULL, '2024-02-02 08:31:00', 0, 'comment', 12, 3, (SELECT user_id FROM posts WHERE id = 3)),
(NULL, '2024-02-02 10:11:00', 0, 'comment', 20, 4, (SELECT user_id FROM posts WHERE id = 4)),
(NULL, '2024-02-02 15:26:00', 0, 'comment', 9, 5, (SELECT user_id FROM posts WHERE id = 5)),

-- LIKE Notifications (Matching posts with authors)
(NULL, '2024-02-04 11:35:00', 0, 'like', 14, 7, (SELECT user_id FROM posts WHERE id = 7)),
(NULL, '2024-02-05 13:15:00', 0, 'like', 26, 8, (SELECT user_id FROM posts WHERE id = 8)),
(NULL, '2024-02-06 18:50:00', 0, 'like', 2, 9, (SELECT user_id FROM posts WHERE id = 9)),
(NULL, '2024-02-07 10:25:00', 0, 'like', 19, 10, (SELECT user_id FROM posts WHERE id = 10)),

-- REPOST Notifications (Matching posts with authors)
(NULL, '2024-02-08 15:35:00', 0, 'repost', 7, 11, (SELECT user_id FROM posts WHERE id = 11)),
(NULL, '2024-02-09 20:10:00', 0, 'repost', 27, 12, (SELECT user_id FROM posts WHERE id = 12)),

-- FOLLOW Notifications (Matching follower to followed user)
(NULL, '2024-02-10 12:20:00', 0, 'follow', 1, NULL, 13),
(NULL, '2024-02-11 17:45:00', 0, 'follow', 30, NULL, 22),
(NULL, '2024-02-12 10:00:00', 0, 'follow', 6, NULL, 25),

-- ADMIN Notification (Requires from_user_id and content)
('System message: Maintenance scheduled for 2024-03-01.', '2024-02-13 08:00:00', 0, 'admin', 1, NULL, 15),

-- GENERAL Notification (Just a message to a user)
('Welcome to the platform!', '2024-02-14 09:30:00', 0, 'general', NULL, NULL, 17);

INSERT INTO likes (created_at, post_id, user_id)
VALUES
    ('2024-02-04 11:35:00', 7, 14),
    ('2024-02-05 13:15:00', 8, 26),
    ('2024-02-06 18:50:00', 9, 2),
    ('2024-02-07 10:25:00', 10, 19);

INSERT INTO comment_likes (created_at, comment_id, user_id)
VALUES
    ('2024-02-10 09:45:00', 3, 12),
    ('2024-02-11 14:20:00', 5, 27),
    ('2024-02-12 16:55:00', 8, 9),
    ('2024-02-13 20:10:00', 11, 21),
    ('2024-02-14 11:30:00', 15, 6),
    ('2024-02-15 08:40:00', 19, 18),
    ('2024-02-16 22:05:00', 21, 4);
